id,total_sales
row_00009,2717.1533
row_00015,4452.0699
row_00019,3023.6208
row_00020,3069.5768
row_00023,2422.2741
row_00026,702.0956
row_00027,3675.6201
row_00033,3330.806
row_00034,426.7904
row_00037,2030.8428
row_00041,2576.6762
row_00042,1468.6542
row_00045,1381.8261
row_00049,2002.9976
row_00056,2915.4466
row_00057,2029.7896
row_00060,1042.8168
row_00079,3254.1459
row_00082,3686.2168
row_00085,2330.4527
row_00091,1054.664
row_00104,2391.8928
row_00105,986.1706
row_00109,1594.6017
row_00115,703.0898
row_00117,480.1222
row_00119,2953.2215
row_00120,2074.1307
row_00123,1057.9483
row_00125,1820.345
row_00130,646.6315
row_00132,1972.465
row_00134,2011.4475
row_00139,3998.6161
row_00141,4323.6597
row_00144,2399.5816
row_00162,2277.0434
row_00189,737.7123
row_00192,2599.9083
row_00202,3468.0088
row_00203,2745.9202
row_00208,1612.741
row_00210,2954.5029
row_00220,2017.2355
row_00235,1926.9405
row_00236,1843.7106
row_00247,159.078
row_00249,729.5506
row_00252,4073.3659
row_00254,2703.4019
row_00256,3783.1877
row_00260,3058.4881
row_00265,833.2579
row_00266,1665.181
row_00269,2892.1887
row_00283,1572.4492
row_00288,1050.0261
row_00293,1628.6052
row_00296,396.6674
row_00298,417.2885
row_00301,1400.7011
row_00305,2682.2131
row_00322,640.5335
row_00323,2244.7165
row_00325,2313.7925
row_00327,3560.3936
row_00336,2019.3107
row_00337,3391.1486
row_00341,1934.1472
row_00345,3144.0117
row_00353,1498.4739
row_00354,1861.9556
row_00363,2321.9513
row_00368,5778.4837
row_00370,3340.1458
row_00373,2004.3407
row_00374,1705.5593
row_00375,1384.6825
row_00377,2957.3251
row_00385,951.6369
row_00389,2422.2402
row_00391,820.8279
row_00404,148.0525
row_00405,2644.9413
row_00407,3999.2818
row_00415,3081.5467
row_00416,2610.8316
row_00423,573.945
row_00430,2503.3179
row_00431,1840.3374
row_00435,1245.2315
row_00437,1981.475
row_00438,508.5804
row_00439,3543.432
row_00441,3067.2403
row_00447,112.5722
row_00448,2015.8861
row_00449,779.2145
row_00460,131.4663
row_00465,1707.7153
row_00472,1355.9485
row_00476,708.6636
row_00478,3583.097
row_00480,455.3501
row_00485,3768.9218
row_00488,878.5943
row_00498,3265.6303
row_00499,2906.1725
row_00500,4096.2468
row_00504,1846.3165
row_00508,1924.0086
row_00518,466.3405
row_00519,1130.1016
row_00520,1752.9529
row_00525,1421.2073
row_00526,2404.6618
row_00530,2492.834
row_00531,3457.5603
row_00534,1932.6086
row_00538,1106.7088
row_00543,351.7498
row_00551,646.2827
row_00555,944.9031
row_00559,2561.311
row_00561,3072.8267
row_00569,3335.3196
row_00572,446.5441
row_00577,3127.3549
row_00580,3814.3701
row_00584,5200.6932
row_00585,3595.4535
row_00591,1935.4944
row_00601,4891.5931
row_00603,2289.1286
row_00613,3419.0689
row_00618,1357.3221
row_00620,3610.9686
row_00622,2009.5986
row_00623,1243.5529
row_00632,1502.3324
row_00635,1515.1817
row_00637,810.6963
row_00638,1064.0634
row_00640,2419.9448
row_00641,385.7439
row_00646,3757.1962
row_00649,2124.7203
row_00656,2035.2126
row_00659,770.0009
row_00661,4103.198
row_00662,1654.2386
row_00663,2189.4844
row_00667,2269.652
row_00670,463.5699
row_00673,1330.084
row_00674,4550.1737
row_00681,2638.3167
row_00683,1677.5378
row_00684,3396.85
row_00689,2328.9348
row_00690,387.4047
row_00698,1672.5325
row_00700,1984.5789
row_00702,3399.7713
row_00704,2779.585
row_00705,392.023
row_00710,1728.2688
row_00711,808.51
row_00714,3070.6175
row_00716,817.1089
row_00720,2995.8241
row_00721,2611.1044
row_00723,756.5026
row_00730,1851.4193
row_00732,1696.3268
row_00733,5707.7075
row_00741,4006.1928
row_00753,3797.1162
row_00755,253.4136
row_00760,3136.1851
row_00764,1753.6704
row_00770,1508.2845
row_00771,5291.2995
row_00774,3115.0656
row_00783,433.6653
row_00796,161.7754
row_00804,2177.5872
row_00808,4138.4351
row_00812,985.5462
row_00814,1767.4683
row_00815,1478.4013
row_00819,3001.9913
row_00825,1552.9748
row_00826,2058.2424
row_00832,325.2733
row_00835,3312.1078
row_00840,798.4095
row_00844,4641.2222
row_00845,833.3523
row_00851,924.9162
row_00856,1221.6704
row_00868,441.6774
row_00874,1996.0906
row_00875,1388.7225
row_00880,1790.6238
row_00882,810.956
row_00884,896.9895
row_00891,3837.2366
row_00899,2194.7818
row_00905,1450.9565
row_00906,2997.6041
row_00914,2416.1266
row_00924,1072.2968
row_00946,3182.2955
row_00947,1545.5362
row_00948,1618.3788
row_00963,2452.8783
row_00977,3169.8173
row_00980,2977.692
row_00981,366.429
row_00984,4960.9135
row_00996,2307.097
row_00997,415.5398
row_00998,2611.8693
row_00999,2335.3562
row_01001,1927.9953
row_01017,1127.9681
row_01025,3728.4665
row_01026,1453.5466
row_01031,405.0263
row_01032,1332.5921
row_01034,3969.6816
row_01043,3782.6369
row_01044,2747.7433
row_01046,865.2716
row_01050,2562.9028
row_01064,2661.4336
row_01077,1984.5311
row_01078,2708.5811
row_01085,2406.1994
row_01090,1555.635
row_01093,2416.6569
row_01104,787.0881
row_01105,890.372
row_01107,3813.3264
row_01108,2905.5326
row_01111,1807.3883
row_01115,3351.6585
row_01119,3040.2203
row_01123,2653.8047
row_01124,2519.5194
row_01126,1440.7571
row_01129,1052.4997
row_01145,2628.2436
row_01146,1570.7117
row_01148,1919.5309
row_01162,1651.6427
row_01165,1789.2548
row_01178,1745.8868
row_01183,350.2641
row_01190,2238.8639
row_01191,2811.7789
row_01192,2649.0119
row_01197,1610.2758
row_01202,3312.3623
row_01205,1315.1461
row_01207,3204.1783
row_01209,1081.4375
row_01211,2158.8328
row_01212,2363.9133
row_01213,1767.3696
row_01215,1591.8625
row_01237,1384.7407
row_01246,1569.1072
row_01254,1815.4793
row_01263,717.9968
row_01266,2878.6445
row_01268,146.3261
row_01277,2897.8612
row_01293,2488.5817
row_01294,2399.2866
row_01295,361.2388
row_01300,5965.0552
row_01304,2821.4181
row_01311,2580.5714
row_01314,1238.76
row_01315,405.4134
row_01330,1431.5408
row_01332,3000.2269
row_01334,3710.2129
row_01345,975.7883
row_01350,2998.1722
row_01355,2505.4825
row_01356,4628.0523
row_01357,980.0414
row_01362,1924.6361
row_01368,4312.0566
row_01375,1687.1162
row_01380,945.1902
row_01390,458.4437
row_01396,3936.6264
row_01397,2924.9374
row_01404,2887.8146
row_01407,2217.8002
row_01412,2593.9972
row_01418,1475.1189
row_01424,1070.3197
row_01433,3497.4268
row_01436,2652.035
row_01443,498.4233
row_01456,3142.4478
row_01465,2037.78
row_01475,1926.9028
row_01478,2578.0216
row_01494,599.4701
row_01497,573.5225
row_01499,2020.3766
row_01501,906.9626
row_01508,3562.3068
row_01513,5781.618
row_01532,3647.4284
row_01534,2675.5833
row_01540,2446.2872
row_01552,4008.1862
row_01553,1770.8285
row_01563,428.3828
row_01564,4036.9723
row_01565,2402.6646
row_01567,481.1738
row_01572,519.2504
row_01573,3476.7158
row_01576,1685.6282
row_01577,923.0516
row_01583,2216.1345
row_01586,2413.8691
row_01594,4378.5897
row_01596,2634.7464
row_01598,3617.8693
row_01605,685.249
row_01616,3631.3862
row_01621,2814.454
row_01624,3680.8452
row_01625,1443.1145
row_01626,1436.2979
row_01630,1473.8483
row_01639,671.3386
row_01641,2011.8101
row_01643,2693.9124
row_01648,1554.2666
row_01654,192.6301
row_01655,733.8058
row_01656,3730.6046
row_01659,2983.3859
row_01664,839.2288
row_01666,783.7172
row_01687,1687.7333
row_01689,1355.6082
row_01693,1012.9081
row_01698,3053.484
row_01700,2122.7637
row_01701,2209.14
row_01702,792.374
row_01714,5522.3033
row_01725,3525.3659
row_01743,2084.0026
row_01750,3791.1655
row_01762,410.6598
row_01770,3092.1001
row_01773,1361.6605
row_01782,1790.588
row_01784,2709.8558
row_01790,3183.0876
row_01792,2816.3761
row_01801,3513.1968
row_01802,2618.2287
row_01805,117.6584
row_01808,737.5571
row_01822,2175.8337
row_01826,725.8433
row_01829,3075.1222
row_01836,2657.3858
row_01839,603.0477
row_01840,1802.0886
row_01844,2034.2549
row_01845,3458.0482
row_01853,1013.3649
row_01862,1458.3585
row_01872,794.1995
row_01882,2447.3016
row_01886,1671.2027
row_01888,2380.4869
row_01895,2665.1515
row_01911,1552.7809
row_01915,1966.1626
row_01926,2956.7341
row_01932,4499.639
row_01946,1588.9031
row_01952,2405.7416
row_01961,2050.9584
row_01973,478.3256
row_01982,2542.9487
row_01983,811.5684
row_01991,1952.9412
row_01993,1860.8529
row_01994,5143.3004
row_01995,2524.0088
row_01998,3492.1536
row_01999,433.3163
row_02005,2666.5194
row_02011,2139.7664
row_02015,3444.6312
row_02016,1824.0943
row_02018,3334.2938
row_02055,2611.9168
row_02056,1505.1716
row_02059,665.4153
row_02068,1886.8983
row_02069,2476.0316
row_02076,486.8163
row_02079,575.1465
row_02083,764.0463
row_02086,3889.162
row_02095,440.2155
row_02098,4621.2082
row_02100,4769.9191
row_02103,5038.566
row_02106,2890.8454
row_02107,3721.8925
row_02112,4199.7975
row_02118,3394.8657
row_02126,2697.9554
row_02127,2341.6746
row_02130,2475.846
row_02133,2638.5618
row_02146,1164.7916
row_02147,3843.6436
row_02152,3574.8101
row_02153,3529.9958
row_02162,6173.722
row_02164,3767.8335
row_02170,2309.676
row_02193,461.9986
row_02195,1424.6421
row_02199,3888.5227
row_02203,4688.3088
row_02210,446.8431
row_02211,3251.7158
row_02213,3036.824
row_02215,2489.4475
row_02218,4249.1532
row_02225,1767.3306
row_02230,1402.5408
row_02235,576.6497
row_02238,815.4769
row_02239,2580.4321
row_02240,406.3178
row_02257,2435.3133
row_02259,1950.0502
row_02262,3518.2729
row_02272,1615.3478
row_02274,2724.7266
row_02279,1493.5362
row_02280,744.9774
row_02283,1251.5283
row_02287,5346.1936
row_02294,3951.6979
row_02303,3234.9803
row_02310,265.2201
row_02313,1365.4594
row_02316,396.264
row_02319,2587.4885
row_02322,1645.3636
row_02323,443.5484
row_02327,716.79
row_02332,1715.3279
row_02333,784.0279
row_02339,3497.4938
row_02344,2036.8974
row_02346,524.535
row_02351,1985.2471
row_02356,2071.8257
row_02357,2484.2917
row_02361,1419.3211
row_02363,3442.8666
row_02364,2453.5035
row_02370,3159.39
row_02372,2594.2974
row_02374,209.3833
row_02383,913.5336
row_02385,397.8662
row_02393,721.3948
row_02403,1191.3994
row_02411,1962.9666
row_02413,900.006
row_02416,1356.2202
row_02417,2849.0684
row_02418,2707.4725
row_02419,1595.5621
row_02432,2140.7543
row_02441,2328.5159
row_02442,2513.5877
row_02443,5494.9119
row_02444,3659.6642
row_02445,3014.2792
row_02448,622.5066
row_02454,2408.8946
row_02455,3098.6998
row_02462,582.5969
row_02469,1025.8727
row_02478,400.2002
row_02482,5287.7825
row_02497,3080.6287
row_02500,752.8375
row_02502,3185.5053
row_02504,1475.9093
row_02508,1152.4236
row_02512,3635.8107
row_02514,3010.4899
row_02519,2965.2224
row_02520,3095.9891
row_02522,562.4097
row_02523,291.47
row_02530,1784.6131
row_02531,411.919
row_02534,3543.8986
row_02536,4554.1332
row_02537,2332.3728
row_02547,3214.2189
row_02558,1507.642
row_02569,3779.6474
row_02577,1956.6411
row_02581,2556.2096
row_02582,2675.3671
row_02584,473.8952
row_02606,428.1339
row_02607,1480.4372
row_02612,1111.5257
row_02613,2603.0088
row_02621,663.0224
row_02623,2388.4192
row_02627,2076.1098
row_02628,3530.3109
row_02632,2041.1054
row_02646,3778.8674
row_02648,1683.1679
row_02650,2081.4557
row_02656,436.6525
row_02659,691.2022
row_02669,1122.7412
row_02670,253.4542
row_02672,771.69
row_02674,4288.5381
row_02675,3968.5658
row_02691,1746.331
row_02700,518.5685
row_02705,584.7966
row_02709,3619.9266
row_02712,2812.2999
row_02714,4538.9852
row_02716,2569.2971
row_02726,2255.2572
row_02738,552.3228
row_02757,777.9314
row_02758,3559.0216
row_02768,3937.834
row_02772,745.2488
row_02773,2840.2771
row_02776,2688.7611
row_02778,1405.2415
row_02782,3720.3169
row_02786,2394.7374
row_02796,814.6393
row_02797,2878.3675
row_02800,3906.9693
row_02801,3050.3642
row_02807,2995.4223
row_02816,6048.367
row_02824,5014.7668
row_02833,2130.864
row_02834,1834.2266
row_02837,1670.7204
row_02839,3462.0964
row_02846,3631.8301
row_02848,3852.3924
row_02849,2168.4366
row_02852,1819.3961
row_02854,499.9467
row_02855,4094.5131
row_02858,3505.4478
row_02863,4054.3115
row_02875,1933.0233
row_02879,449.0129
row_02883,1435.2764
row_02884,2292.0867
row_02885,428.627
row_02886,1505.2962
row_02890,5191.6631
row_02892,5344.749
row_02901,1156.8695
row_02903,3079.8185
row_02906,3264.7164
row_02908,1293.9757
row_02909,3001.2928
row_02919,1246.446
row_02925,1760.3995
row_02929,2255.5031
row_02934,5317.5445
row_02939,2984.3879
row_02940,1221.8103
row_02943,1814.6694
row_02951,1944.4964
row_02953,1517.6779
row_02957,3165.6208
row_02962,799.5737
row_02964,4104.7591
row_02965,2356.3417
row_02968,1712.2186
row_02977,392.0611
row_02980,3039.8719
row_02997,3463.0326
row_03001,1874.2764
row_03003,2423.1645
row_03004,2625.096
row_03006,1576.2124
row_03019,5205.5505
row_03025,5577.121
row_03026,2942.1806
row_03039,2284.3287
row_03046,1560.6138
row_03057,1942.6532
row_03059,1491.3324
row_03074,1762.7663
row_03082,3048.4813
row_03091,2324.3023
row_03092,1557.8772
row_03100,752.1718
row_03103,295.1254
row_03104,2728.8808
row_03113,2441.8372
row_03125,2946.2998
row_03126,1429.1913
row_03131,1662.7579
row_03132,5246.4354
row_03147,4859.5945
row_03159,2817.9564
row_03161,1278.068
row_03165,2927.2223
row_03169,717.2319
row_03175,1910.9694
row_03184,2512.4168
row_03187,1808.3777
row_03192,2406.093
row_03196,1541.5715
row_03202,2636.3863
row_03207,3900.0229
row_03208,1295.5165
row_03212,2866.7735
row_03218,3744.5632
row_03223,1737.0425
row_03226,1280.4186
row_03229,1623.6374
row_03230,3265.422
row_03233,1523.0404
row_03236,643.3854
row_03239,619.3022
row_03246,3592.1485
row_03253,2755.6795
row_03259,2507.2962
row_03262,1897.8672
row_03267,485.1966
row_03273,460.62
row_03282,652.388
row_03283,408.1018
row_03286,1746.3722
row_03288,2799.7281
row_03290,3801.0033
row_03292,2476.6567
row_03295,439.3204
row_03305,2385.5372
row_03306,2430.1257
row_03320,2974.9215
row_03324,500.8715
row_03327,3521.2164
row_03329,552.5268
row_03338,2377.5102
row_03344,2510.8844
row_03350,1215.2307
row_03351,3641.8832
row_03354,2005.1255
row_03362,4150.542
row_03373,4308.3548
row_03374,2147.9081
row_03380,169.2601
row_03382,1574.1239
row_03386,2023.8447
row_03388,1619.5814
row_03394,1605.7643
row_03399,3556.7496
row_03402,3050.2421
row_03408,1376.6485
row_03431,3152.0639
row_03432,3052.1396
row_03440,1599.9784
row_03444,2608.8983
row_03448,3331.5217
row_03454,2580.515
row_03458,3972.3401
row_03459,727.8211
row_03464,462.9846
row_03475,2561.9239
row_03485,2960.1314
row_03489,653.4835
row_03490,3249.8936
row_03493,2616.718
row_03495,1894.1869
row_03511,3472.6452
row_03517,2254.0521
row_03520,2744.048
row_03522,2307.6071
row_03526,3055.4947
row_03529,429.9179
row_03532,2778.3438
row_03537,3019.6172
row_03539,3795.3363
row_03540,1841.2722
row_03547,3327.726
row_03550,2983.151
row_03551,408.6304
row_03557,2285.7197
row_03560,802.19
row_03561,3316.836
row_03562,2902.3527
row_03566,4538.6474
row_03567,2870.593
row_03572,971.5814
row_03583,405.7054
row_03584,3845.0951
row_03593,3028.1839
row_03604,5479.597
row_03620,3160.7011
row_03631,2836.8466
row_03643,1913.8436
row_03647,1065.1942
row_03648,895.3756
row_03649,817.9067
row_03658,403.0692
row_03664,1799.4894
row_03673,3504.7617
row_03676,1530.7957
row_03680,2955.3814
row_03682,757.556
row_03687,802.0269
row_03694,2245.4887
row_03708,726.9235
row_03714,3011.2965
row_03715,2194.5329
row_03718,1432.4106
row_03719,1191.9615
row_03720,3347.9504
row_03723,443.0229
row_03727,2153.3381
row_03732,2608.6208
row_03734,2478.826
row_03736,562.4758
row_03742,2642.2635
row_03744,1019.1309
row_03750,2163.6218
row_03755,2758.5151
row_03759,1355.7905
row_03768,2617.1858
row_03773,763.7629
row_03775,3937.8322
row_03779,1700.3955
row_03783,1496.3516
row_03787,1388.4763
row_03789,2889.6664
row_03804,1343.6847
row_03811,2643.5987
row_03824,2800.4123
row_03829,2836.9719
row_03831,1803.4417
row_03834,421.2423
row_03836,1032.799
row_03839,3978.2208
row_03847,1709.7815
row_03849,2397.3565
row_03854,3813.8368
row_03858,1636.1687
row_03859,3470.3734
row_03866,316.8388
row_03867,2550.4865
row_03871,992.2052
row_03876,472.91
row_03888,1691.4724
row_03891,805.362
row_03903,1799.0275
row_03917,1091.577
row_03920,2798.6303
row_03925,1307.3226
row_03926,428.1979
row_03931,1735.0131
row_03933,3125.2316
row_03934,2779.284
row_03935,2150.7563
row_03938,5294.0068
row_03940,1232.3661
row_03942,1901.7927
row_03945,2620.9184
row_03946,2607.9454
row_03949,1104.1919
row_03960,1891.8633
row_03962,1096.4884
row_03965,457.1766
row_03972,2658.2488
row_03982,3018.2204
row_03987,5907.7702
row_03991,4099.3549
row_03992,1289.2428
row_03996,3564.3699
row_03998,2575.7463
row_04009,2294.695
row_04012,2429.8961
row_04024,1549.9075
row_04029,1368.6969
row_04031,6037.6541
row_04033,501.726
row_04040,1511.7718
row_04054,1992.4337
row_04055,2164.9925
row_04065,1491.3847
row_04066,382.2116
row_04077,4934.2207
row_04078,1986.5217
row_04081,94.9832
row_04084,3060.7697
row_04092,1557.6291
row_04094,2876.3951
row_04101,1443.6176
row_04107,807.2263
row_04112,2139.1587
row_04120,1051.3845
row_04122,3297.815
row_04127,2198.4644
row_04137,1547.0066
row_04138,560.9386
row_04139,1649.8146
row_04145,3481.1756
row_04147,2519.3707
row_04154,471.6071
row_04158,2770.6146
row_04160,1279.8053
row_04165,2728.8626
row_04166,1397.8264
row_04175,5285.3072
row_04176,1421.9564
row_04177,1721.5667
row_04178,2512.3418
row_04179,795.2365
row_04186,4031.136
row_04187,1912.0989
row_04189,427.6352
row_04193,3570.7451
row_04200,528.9494
row_04207,1008.3587
row_04226,1389.0211
row_04228,2981.2813
row_04229,2650.5574
row_04233,2111.3922
row_04234,5533.0441
row_04242,3631.9333
row_04245,904.0896
row_04255,3502.8028
row_04259,1234.9225
row_04261,4022.8575
row_04263,512.135
row_04268,5847.5656
row_04270,3399.7869
row_04272,2199.5761
row_04273,1533.8442
row_04278,2920.6481
row_04281,3979.5623
row_04285,2498.3379
row_04293,1202.1501
row_04301,409.0046
row_04306,427.045
row_04315,1917.0368
row_04316,371.4966
row_04319,5956.4115
row_04320,4273.2317
row_04333,2688.7973
row_04335,3066.7103
row_04349,1832.9775
row_04358,1308.562
row_04359,552.4559
row_04360,2094.5937
row_04365,3116.6521
row_04370,1415.6932
row_04371,1749.805
row_04372,2961.3895
row_04373,496.7805
row_04374,1741.9373
row_04385,1389.4927
row_04386,1938.9279
row_04388,3331.0271
row_04395,2188.1734
row_04398,822.6849
row_04400,3139.9279
row_04413,2631.3096
row_04416,2921.335
row_04419,837.2678
row_04438,1438.6366
row_04441,1591.2666
row_04454,1706.4738
row_04470,2191.4904
row_04471,3686.6841
row_04483,2988.8941
row_04490,2024.7163
row_04498,2008.3284
row_04522,1643.7145
row_04529,2714.1737
row_04537,1371.9933
row_04538,443.3492
row_04539,966.5287
row_04540,2072.8302
row_04541,3473.5266
row_04542,417.6584
row_04545,1023.8289
row_04550,2174.7967
row_04556,389.3962
row_04559,3545.0144
row_04562,3952.6213
row_04563,3178.6585
row_04573,3195.8719
row_04574,4072.3181
row_04576,699.6097
row_04577,1777.7594
row_04591,1320.0803
row_04592,6328.0128
row_04597,803.8629
row_04598,491.106
row_04599,871.4923
row_04602,2224.2583
row_04606,2170.7292
row_04608,1867.2105
row_04620,1998.0993
row_04630,3029.8085
row_04631,3537.5197
row_04634,5009.4578
row_04636,351.2676
row_04637,2295.117
row_04638,2303.8265
row_04651,4135.0995
row_04653,3412.1149
row_04656,999.7283
row_04657,1970.5617
row_04674,3119.4636
row_04675,970.312
row_04686,3011.3473
row_04699,3706.9476
row_04700,3619.8612
row_04704,1740.5103
row_04709,3191.1592
row_04710,2619.8168
row_04729,1401.7712
row_04731,4151.5709
row_04733,592.3613
row_04737,1526.9489
row_04741,1575.9857
row_04744,3401.3037
row_04745,1402.4796
row_04749,626.7289
row_04757,1084.6843
row_04759,3559.7246
row_04769,3231.3792
row_04772,1883.5582
row_04775,1525.4106
row_04781,620.5213
row_04783,461.1842
row_04784,3959.3319
row_04785,816.8743
row_04787,708.7492
row_04796,2698.7364
row_04799,1847.8898
row_04803,778.0958
row_04814,987.3164
row_04824,1912.529
row_04826,2064.4738
row_04831,1951.1729
row_04841,2880.4671
row_04843,1886.9092
row_04846,418.343
row_04852,1782.8202
row_04855,2186.6193
row_04859,782.8969
row_04863,802.3574
row_04881,1671.5881
row_04886,1963.362
row_04888,1957.2986
row_04889,3585.9477
row_04902,909.7799
row_04909,1477.6493
row_04913,1814.2109
row_04914,3271.1987
row_04929,2913.2372
row_04936,1160.4281
row_04937,2901.132
row_04938,1564.2073
row_04945,2213.5985
row_04955,2301.0702
row_04965,2272.6481
row_04970,439.6351
row_04974,1085.0415
row_04976,3221.3296
row_04986,2897.9641
row_04987,1637.1406
row_04989,3562.8469
row_04995,2479.0739
row_05004,3784.1907
row_05018,971.9307
row_05021,952.7847
row_05023,1937.3367
row_05025,1659.009
row_05033,503.7959
row_05034,3818.6792
row_05035,1837.036
row_05036,1834.9857
row_05045,1642.1526
row_05047,2327.3429
row_05051,569.1289
row_05053,1658.8577
row_05054,430.8815
row_05055,927.4074
row_05063,1305.6454
row_05103,2562.0078
row_05107,253.0918
row_05116,4315.5373
row_05132,2958.5067
row_05138,924.9434
row_05140,2469.1757
row_05141,1397.7258
row_05142,3957.2147
row_05146,1497.977
row_05147,4088.8291
row_05160,3474.3897
row_05162,1307.9469
row_05180,1509.7328
row_05185,1632.1254
row_05191,889.5311
row_05199,874.5741
row_05204,1767.2424
row_05213,1620.2476
row_05215,481.7324
row_05216,1184.8443
row_05223,2412.2479
row_05229,2596.1965
row_05235,2972.869
row_05237,3296.746
row_05239,1810.8404
row_05246,2976.0268
row_05247,2586.4129
row_05254,424.9568
row_05258,3917.95
row_05261,3936.3121
row_05262,2801.5436
row_05267,3187.6023
row_05272,1677.3011
row_05287,1912.9706
row_05290,3171.0144
row_05296,2974.3222
row_05297,620.7392
row_05299,2953.963
row_05302,471.2083
row_05303,1472.0294
row_05305,2966.1374
row_05309,1482.2697
row_05312,3672.2194
row_05314,1575.6149
row_05331,3991.0156
row_05336,2104.4445
row_05342,881.3874
row_05343,1719.8795
row_05348,2966.4744
row_05349,1240.2195
row_05354,787.0724
row_05358,1205.3136
row_05359,5495.9219
row_05360,400.9503
row_05371,3894.6788
row_05377,1528.22
row_05392,2106.3835
row_05393,842.3998
row_05398,398.7817
row_05401,2435.3705
row_05403,505.9926
row_05406,3171.5501
row_05408,878.5498
row_05409,2590.1143
row_05418,2775.7742
row_05419,679.9275
row_05423,820.5555
row_05429,1355.0337
row_05437,764.9174
row_05446,2731.3799
row_05449,1930.1343
row_05451,1512.1714
row_05454,4074.8442
row_05457,2397.056
row_05459,2237.8454
row_05462,3708.4909
row_05463,1969.4028
row_05476,2640.1207
row_05485,1455.9273
row_05486,1771.6545
row_05493,113.4539
row_05504,3798.8884
row_05505,2141.9564
row_05506,1834.765
row_05507,767.5899
row_05508,710.9637
row_05528,916.4118
row_05530,1714.003
row_05546,1370.4752
row_05556,2397.1317
row_05562,955.1623
row_05563,3051.0633
row_05572,1327.554
row_05580,2527.8367
row_05590,1559.0524
row_05593,402.5083
row_05594,2654.3442
row_05597,1162.9863
row_05601,1351.337
row_05602,1307.3767
row_05605,1398.7921
row_05623,1005.1973
row_05625,381.7252
row_05630,5781.8302
row_05640,493.9412
row_05644,154.9957
row_05646,1884.7383
row_05655,2844.6436
row_05658,3947.2528
row_05667,995.6964
row_05679,2577.5812
row_05687,1349.0319
row_05695,1374.1351
row_05705,3538.4603
row_05707,2937.5952
row_05711,859.1038
row_05716,3545.3538
row_05718,1828.5348
row_05725,558.4927
row_05728,3117.5523
row_05729,4497.1446
row_05732,3229.5414
row_05738,2696.7844
row_05741,3069.7049
row_05742,3227.2764
row_05753,428.916
row_05756,2089.9096
row_05758,2029.4983
row_05763,879.9499
row_05774,159.6079
row_05778,3091.993
row_05781,2093.8043
row_05786,479.0217
row_05793,789.85
row_05796,6049.2598
row_05800,573.4356
row_05805,460.7767
row_05806,1519.795
row_05809,5593.1453
row_05816,826.6237
row_05831,3246.2091
row_05833,2597.3244
row_05836,3800.1551
row_05840,957.2812
row_05847,451.7676
row_05849,428.01
row_05851,1886.1427
row_05864,2147.8441
row_05870,1514.5492
row_05876,822.9474
row_05877,2737.0451
row_05878,899.9369
row_05882,4146.3437
row_05883,2986.2428
row_05893,767.2088
row_05910,533.8222
row_05913,2937.4003
row_05915,3927.9583
row_05916,538.9516
row_05925,3319.9149
row_05929,2911.6643
row_05932,3117.229
row_05935,3717.778
row_05938,1028.3339
row_05942,663.7145
row_05950,616.908
row_05951,403.4035
row_05965,3133.7154
row_05970,2286.2611
row_05971,2024.6063
row_05977,794.7259
row_05979,4088.4887
row_05980,3633.4596
row_05981,2900.1666
row_05982,2073.6647
row_05986,2756.9436
row_05994,1220.6331
row_05996,3110.1203
row_06000,1391.2424
row_06001,3156.7453
row_06002,3005.8986
row_06012,2944.8383
row_06023,1397.0981
row_06027,1764.4334
row_06032,2284.6202
row_06045,1342.7993
row_06047,2215.166
row_06048,1193.0417
row_06053,2883.0861
row_06061,2083.4469
row_06063,1792.7553
row_06072,2799.5696
row_06076,848.4158
row_06082,3179.5228
row_06097,3915.9369
row_06098,2000.0065
row_06106,692.0625
row_06109,3917.2709
row_06115,2436.8791
row_06116,456.9247
row_06122,4441.6167
row_06124,1712.1901
row_06127,317.3627
row_06137,2562.5219
row_06142,1685.6178
row_06144,3895.776
row_06145,1284.583
row_06146,1448.9316
row_06150,1608.1252
row_06153,1721.4712
row_06156,3885.0986
row_06164,3036.6254
row_06191,702.2339
row_06193,2552.7595
row_06194,687.4577
row_06199,2870.1728
row_06201,390.5248
row_06202,733.8349
row_06212,1153.3781
row_06213,3929.6222
row_06218,1722.5675
row_06228,3434.0148
row_06231,2950.7158
row_06237,1898.1713
row_06239,2699.2888
row_06240,2634.9186
row_06242,3088.6598
row_06243,1927.9552
row_06248,1810.4805
row_06258,1442.1698
row_06260,505.8793
row_06263,1331.1519
row_06268,3001.899
row_06269,1763.7702
row_06279,2833.7923
row_06283,793.9794
row_06285,1526.3462
row_06292,1948.4194
row_06295,1959.595
row_06323,2526.8244
row_06324,834.9251
row_06326,3534.6658
row_06330,776.6849
row_06338,1889.1192
row_06343,735.2295
row_06351,773.9311
row_06352,1420.6058
row_06355,3754.2606
row_06366,1564.533
row_06369,1004.5817
row_06371,2501.1656
row_06399,3210.977
row_06412,2884.4489
row_06416,1889.4779
row_06421,3215.9746
row_06424,4046.2756
row_06431,1961.1808
row_06435,2898.8032
row_06438,3984.2078
row_06444,113.6222
row_06447,4815.996
row_06455,951.8147
row_06462,2277.7224
row_06463,398.0992
row_06464,3713.5394
row_06471,4105.5901
row_06475,1874.4896
row_06479,1251.2561
row_06485,2872.2026
row_06495,1862.7415
row_06499,463.814
row_06504,2375.6496
row_06505,3780.9491
row_06510,2172.1439
row_06511,3055.8178
row_06514,2311.3584
row_06516,878.8045
row_06518,2126.1766
row_06520,347.8439
row_06525,3312.7523
row_06528,2363.3778
row_06531,1749.956
row_06534,3419.4975
row_06539,1510.9834
row_06541,473.8221
row_06543,2397.3187
row_06546,3594.979
row_06552,3871.5259
row_06553,3301.2321
row_06554,3036.5605
row_06559,2752.7415
row_06563,3452.265
row_06578,2332.6003
row_06591,2029.5753
row_06594,769.6162
row_06596,3576.5254
row_06599,1875.2706
row_06600,3775.4106
row_06602,2840.7343
row_06603,441.4096
row_06611,2255.8576
row_06616,3062.9447
row_06617,959.9648
row_06619,5692.6273
row_06630,1189.4301
row_06633,2808.6188
row_06636,4155.4634
row_06645,2094.9132
row_06646,439.3033
row_06647,2955.4108
row_06648,3425.9072
row_06651,2671.7981
row_06660,2657.7162
row_06663,936.3636
row_06668,2193.0943
row_06669,629.2137
row_06671,2303.8045
row_06673,5841.4954
row_06675,4017.8611
row_06677,3437.2732
row_06682,4267.9877
row_06683,1036.2686
row_06684,1090.7272
row_06686,563.1658
row_06689,2429.4069
row_06693,2778.6598
row_06696,490.9232
row_06697,1475.0251
row_06701,2347.2092
row_06710,3789.2985
row_06717,3738.0259
row_06719,3889.8657
row_06720,2242.4109
row_06722,1859.809
row_06723,2441.02
row_06735,2380.9594
row_06746,1422.7966
row_06748,2577.8181
row_06750,3347.2582
row_06772,4223.765
row_06776,4396.4372
row_06782,2819.5231
row_06785,1241.2772
row_06786,5220.7325
row_06805,3833.8723
row_06809,2905.8417
row_06813,3087.9191
row_06817,2554.6631
row_06818,745.5469
row_06821,1753.3427
row_06825,1645.2546
row_06828,6279.5722
row_06834,4042.8081
row_06838,730.6797
row_06841,551.4882
row_06842,1278.8791
row_06852,438.786
row_06855,736.1155
row_06856,544.5057
row_06866,2663.7175
row_06872,2549.5902
row_06873,1085.5203
row_06885,2465.6097
row_06901,3057.8264
row_06902,1506.1493
row_06903,844.4779
row_06906,402.455
row_06907,1043.8854
row_06912,1213.4461
row_06914,5000.1069
row_06915,1866.7573
row_06918,2354.6945
row_06920,1627.2933
row_06924,2979.4861
row_06929,1415.8866
row_06943,619.0765
row_06945,1312.9219
row_06946,1326.2376
row_06948,3154.3532
row_06954,2817.9207
row_06955,788.8196
row_06960,1141.0197
row_06963,441.9753
row_06966,1378.6311
row_06969,3190.8821
row_06982,1985.5902
row_06997,3114.6049
row_07002,1973.6452
row_07003,3193.6912
row_07005,2667.4044
row_07012,2973.0624
row_07017,647.5914
row_07019,2880.5115
row_07023,2849.53
row_07025,1308.2994
row_07029,4287.2592
row_07030,2050.7804
row_07038,1819.6764
row_07042,1891.8603
row_07043,1942.0338
row_07045,1188.4589
row_07048,3000.1208
row_07050,446.2223
row_07052,3080.7228
row_07067,737.0112
row_07069,1413.7506
row_07072,2407.6484
row_07073,2301.8115
row_07075,1790.9942
row_07076,3650.1669
row_07085,1832.5943
row_07091,479.5047
row_07095,99.2151
row_07096,1385.9007
row_07097,1110.8693
row_07100,3155.0045
row_07118,2423.7548
row_07120,3410.5469
row_07136,2292.6463
row_07138,2596.7446
row_07140,3067.1969
row_07142,1459.0528
row_07152,533.7954
row_07155,1918.6027
row_07170,956.9333
row_07173,826.9519
row_07181,1523.7548
row_07196,4031.5753
row_07205,1513.4549
row_07206,2492.8083
row_07208,3830.6522
row_07219,3435.1175
row_07225,428.3906
row_07228,1024.4867
row_07229,846.177
row_07235,3996.8193
row_07239,2738.6986
row_07243,1281.1131
row_07248,1824.7156
row_07250,4013.7725
row_07251,1141.153
row_07258,1413.1365
row_07261,434.6111
row_07277,3065.2814
row_07288,2515.0324
row_07292,2835.3107
row_07301,941.2291
row_07303,2479.5686
row_07304,3367.8955
row_07315,481.443
row_07317,5273.5843
row_07320,1758.8259
row_07324,3521.7865
row_07334,1752.8466
row_07354,2568.3027
row_07356,441.6351
row_07357,80.6789
row_07358,1665.9288
row_07360,1895.5268
row_07362,2030.4585
row_07370,1003.1187
row_07375,4427.9759
row_07380,4402.8752
row_07394,2500.8659
row_07396,3639.5385
row_07397,2517.3422
row_07402,1705.0607
row_07406,1475.106
row_07423,4044.8533
row_07424,5858.0676
row_07431,1710.065
row_07435,3054.5824
row_07439,2921.4978
row_07448,899.2785
row_07454,1668.336
row_07460,2895.4001
row_07463,1536.2261
row_07464,1162.9502
row_07480,3469.9055
row_07491,3014.9134
row_07495,1466.6623
row_07496,190.7326
row_07504,1451.784
row_07514,2806.4069
row_07515,716.7199
row_07516,2436.9665
row_07518,1322.278
row_07524,2869.4716
row_07525,1408.3164
row_07528,2982.3077
row_07529,222.7576
row_07532,2911.6784
row_07534,1489.2995
row_07537,1382.5701
row_07541,1318.1821
row_07546,424.1349
row_07551,4277.2157
row_07557,1837.4609
row_07571,3048.548
row_07577,2003.2939
row_07580,3057.6365
row_07587,1100.698
row_07591,1785.695
row_07592,860.4264
row_07609,2454.1894
row_07633,3753.6828
row_07634,2439.9322
row_07649,2976.9053
row_07677,4148.8009
row_07683,1913.2843
row_07687,1566.7681
row_07697,2578.3377
row_07698,1426.6817
row_07700,1302.9929
row_07709,2819.9639
row_07713,932.9165
row_07715,562.7828
row_07726,770.6242
row_07734,3446.187
row_07746,2632.878
row_07748,2956.4253
row_07753,2875.3233
row_07755,2714.7082
row_07759,2240.8888
row_07763,3819.6745
row_07771,553.3792
row_07784,1579.2113
row_07790,2408.1059
row_07796,2633.3478
row_07800,1424.7718
row_07804,3688.1649
row_07806,717.4986
row_07808,4473.0592
row_07812,1413.3722
row_07819,4076.028
row_07821,3836.1334
row_07822,1009.3118
row_07823,4133.2781
row_07825,1994.3104
row_07839,3385.8187
row_07843,2087.4238
row_07847,420.5406
row_07861,2881.7929
row_07864,903.8809
row_07869,1594.4077
row_07870,2065.0076
row_07871,2722.0585
row_07879,2095.0818
row_07886,3994.4827
row_07888,2668.0218
row_07891,368.7019
row_07893,977.7011
row_07896,1380.4729
row_07899,2460.0329
row_07902,3050.4123
row_07911,644.4963
row_07912,2010.9331
row_07915,1902.5231
row_07923,2747.1851
row_07935,3062.1835
row_07939,3419.1102
row_07943,3406.5315
row_07950,5817.6939
row_07952,2240.3847
row_07959,1340.3094
row_07960,3052.6608
row_07966,367.1319
row_07967,2645.5679
row_07969,2351.0623
row_07971,881.3758
row_07977,1478.2589
row_07981,3285.1594
row_07988,1846.7538
row_07991,3990.3515
row_07993,1774.4824
row_07994,3711.1091
row_07996,914.6743
row_08010,3635.9998
row_08016,1460.0196
row_08022,3893.4096
row_08023,2927.2221
row_08027,575.0988
row_08029,1803.2973
row_08031,2786.1216
row_08032,428.4801
row_08042,2702.9719
row_08048,4975.0191
row_08050,3167.6335
row_08055,778.609
row_08060,2970.0618
row_08062,3075.6343
row_08067,2564.4374
row_08072,769.028
row_08073,2582.7708
row_08075,3055.7113
row_08079,490.8486
row_08081,807.6982
row_08083,801.3232
row_08086,2779.9115
row_08089,427.5332
row_08097,1487.0109
row_08101,3443.0758
row_08111,2461.7284
row_08118,2341.1454
row_08121,2689.2995
row_08140,1158.4398
row_08142,3189.6884
row_08155,1070.1477
row_08156,3795.2526
row_08158,3534.4498
row_08180,3828.975
row_08185,3892.9572
row_08191,1771.0178
row_08201,411.5495
row_08204,3169.9997
row_08213,802.4223
row_08220,3092.5936
row_08225,3101.2887
row_08231,4338.7417
row_08242,3744.8072
row_08245,740.1805
row_08248,384.912
row_08258,3292.8438
row_08260,2791.9489
row_08264,2701.4924
row_08268,3494.2252
row_08282,3941.8854
row_08298,3588.3632
row_08300,5315.0031
row_08301,1049.1905
row_08306,885.5707
row_08308,3235.2072
row_08313,1580.1334
row_08320,2760.345
row_08322,474.1264
row_08329,1609.4699
row_08330,1981.2747
row_08332,870.4555
row_08336,762.0397
row_08337,2525.8936
row_08340,853.7167
row_08345,2221.7796
row_08355,475.7064
row_08357,2680.3165
row_08360,2183.1001
row_08367,1984.4213
row_08373,1989.5535
row_08375,1844.9561
row_08382,6058.4544
row_08385,2357.8405
row_08386,1547.0756
row_08392,3038.5263
row_08408,4015.8446
row_08413,1776.4876
row_08418,5367.082
row_08423,4095.9303
row_08450,5581.2925
row_08456,2036.3197
row_08458,1406.5255
row_08462,2720.701
row_08464,1163.1047
row_08465,511.0589
row_08470,3065.4171
row_08472,2937.2569
row_08477,1313.6562
row_08479,1419.9571
row_08481,2595.1768
row_08483,2715.3736
row_08489,352.8022
row_08491,2706.5192
row_08504,4076.101
row_08515,1728.6767
